gameID;year;league;round;teamHome;scoreHome;scoreAway;teamAway;triesHome;triesAway
1;2015;6Nations;1;Wales;16;21;England;1;2
2;2015;6Nations;1;Italy;3;26;Ireland;0;2
3;2015;6Nations;1;France;15;8;Scotland;0;1
4;2015;6Nations;2;England;47;17;Italy;6;3
5;2015;6Nations;2;Ireland;18;11;France;0;1
6;2015;6Nations;2;Scotland;23;26;Wales;2;2
7;2015;6Nations;3;Scotland;19;22;Italy;1;3
8;2015;6Nations;3;France;13;20;Wales;1;1
9;2015;6Nations;3;Ireland;19;9;England;1;0
10;2015;6Nations;4;Wales;23;16;Ireland;1;1
11;2015;6Nations;4;England;25;13;Scotland;3;1
12;2015;6Nations;4;Italy;0;29;France;0;2
13;2015;6Nations;5;Italy;20;61;Wales;2;8
14;2015;6Nations;5;Scotland;10;40;Ireland;1;4
15;2015;6Nations;5;England;55;35;France;7;5
16;2016;6Nations;1;France;23;21;Italy;3;2
17;2016;6Nations;1;Scotland;9;15;England;0;2
18;2016;6Nations;1;Ireland;16;16;Wales;1;1
19;2016;6Nations;2;France;10;9;Ireland;1;0
20;2016;6Nations;2;Wales;27;23;Scotland;3;2
21;2016;6Nations;2;Italy;9;40;England;0;5
22;2016;6Nations;3;Wales;19;10;France;1;1
23;2016;6Nations;3;Italy;20;36;Scotland;2;3
24;2016;6Nations;3;England;21;10;Ireland;2;1
25;2016;6Nations;4;Ireland;58;15;Italy;9;2
26;2016;6Nations;4;England;25;21;Wales;1;3
27;2016;6Nations;4;Scotland;29;18;France;3;2
28;2016;6Nations;5;Wales;67;14;Italy;9;2
29;2016;6Nations;5;Ireland;35;25;Scotland;4;3
30;2016;6Nations;5;France;21;31;England;0;3
31;2017;6Nations;1;Scotland;27;22;Ireland;3;3
32;2017;6Nations;1;England;19;16;France;1;1
33;2017;6Nations;1;Italy;7;33;Wales;1;3
34;2017;6Nations;2;Italy;10;63;Ireland;1;9
35;2017;6Nations;2;Wales;16;21;England;1;2
36;2017;6Nations;2;France;22;16;Scotland;1;2
37;2017;6Nations;3;Scotland;29;13;Wales;2;1
38;2017;6Nations;3;Ireland;19;9;France;1;0
39;2017;6Nations;3;England;36;15;Italy;6;2
40;2017;6Nations;4;Wales;22;9;Ireland;3;0
41;2017;6Nations;4;Italy;18;40;France;2;4
42;2017;6Nations;4;England;61;21;Scotland;7;3
43;2017;6Nations;5;Scotland;29;0;Italy;4;0
44;2017;6Nations;5;France;20;18;Wales;2;0
45;2017;6Nations;5;Ireland;13;9;England;1;0
46;2018;6Nations;1;Wales;34;7;Scotland;4;1
47;2018;6Nations;1;France;13;15;Ireland;1;0
48;2018;6Nations;1;Italy;15;46;England;2;7
49;2018;6Nations;2;Ireland;56;19;Italy;8;3
50;2018;6Nations;2;England;12;6;Wales;2;0
51;2018;6Nations;2;Scotland;32;26;France;2;2
52;2018;6Nations;3;France;34;17;Italy;3;2
53;2018;6Nations;3;Ireland;37;27;Wales;5;3
54;2018;6Nations;3;Scotland;25;13;England;3;1
55;2018;6Nations;4;Ireland;28;8;Scotland;4;1
56;2018;6Nations;4;France;22;16;England;1;1
57;2018;6Nations;4;Wales;38;14;Italy;5;2
58;2018;6Nations;5;Italy;27;29;Scotland;3;4
59;2018;6Nations;5;England;15;24;Ireland;3;3
60;2018;6Nations;5;Wales;14;13;France;1;1
61;2019;6Nations;1;France;19;24;Wales;2;3
62;2019;6Nations;1;Scotland;33;20;Italy;5;3
63;2019;6Nations;1;Ireland;20;32;England;2;4
64;2019;6Nations;2;Scotland;13;22;Ireland;1;3
65;2019;6Nations;2;Italy;15;26;Wales;2;2
66;2019;6Nations;2;England;44;8;France;6;1
67;2019;6Nations;3;France;27;10;Scotland;4;1
68;2019;6Nations;3;Wales;21;13;England;2;1
69;2019;6Nations;3;Italy;16;26;Ireland;2;4
70;2019;6Nations;4;Scotland;11;18;Wales;1;2
71;2019;6Nations;4;England;57;14;Italy;8;2
72;2019;6Nations;4;Ireland;26;14;France;4;2
73;2019;6Nations;5;Italy;14;25;France;1;3
74;2019;6Nations;5;Wales;25;7;Ireland;1;1
75;2019;6Nations;5;England;38;38;Scotland;5;6
